Workbook

Sheet Raw_Client_Data
A1: String_ID | B1: Category | C1: English_Source | D1: Spanish_Provided
A2: LOC-001 | B2: Account | C2: Welcome back, {first_name}! | D2: ¡Bienvenido de nuevo, {first_name}!
A3: LOC-002 | B3: Account | C3: Create your account to continue. | D3: Crea tu cuenta para continuar.
A4: LOC-003 | B4: Account | C4: Your password must contain at least 8 characters. | D4: Su contraseña debe contener al menos 8 caracteres.
A5: LOC-004 | B5: Account | C5: We couldn't verify your email address. | D5: No pudimos verificar su dirección de correo electrónico.
A6: LOC-005 | B6: Account | C6: Please confirm your email to activate your account. | D6: Por favor confirma tu correo electrónico para activar su cuenta.
A7: LOC-006 | B7: Account | C7: Your account has been successfully created. | D7: Su cuenta ha sido creada exitosamente.
A8: LOC-007 | B8: Account | C8: Sign in with your email and password. | D8: Inicie sesión con su correo electrónico y contraseña.
A9: LOC-008 | B9: Account | C9: Forgot your password? | D9: ¿Olvidó su contraseña?
A10: LOC-009 | B10: Account | C10: We'll send a reset link to {email}. | D10: Enviaremos un enlace de restablecimiento a {email}.
A11: LOC-010 | B11: Account | C11: This reset link expires in 30 minutes. | D11: Este enlace de reinicio expira en 30 minutos.
A12: LOC-011 | B12: Orders | C12: Your order #{order_number} has been confirmed. | D12: Su orden #{order_number} ha sido confirmada.
... A76: LOC-075 | B76: General | C76: Changes saved successfully. | D76: Cambios guardados exitosamente.

Sheet Client_Brief
A1: Localization QA — Client Brief
A2: Project | B2: English–Spanish Localization & Data Quality Analysis
A3: Client scenario | B3: A fictional U.S. digital commerce company is preparing customer-facing content for Spanish-speaking customers in the U.S. and Latin America.
A4: Target locale | B4: Neutral Latin American Spanish / U.S. Hispanic audience
A5: Preferred register | B5: Professional customer-facing Spanish using “usted” consistently
A6: Assignment | B6: Review the supplied Spanish translations for accuracy, naturalness, terminology consistency, tone, completeness, formatting, and localization quality.
A7: Important | B7: Some translations are correct. Others contain intentional issues. Do not assume every row needs a correction.
A8: Variables | B8: Preserve placeholders such as {first_name}, {date}, {order_number}, and {tracking_number} exactly.
A9: Next deliverable | B9: Create a reviewed QA dataset with corrected Spanish, QA status, error type, severity, and reviewer notes.

Sheet QA_Review
A1: String_ID | B1: Category | C1: English_Source | D1: Spanish_Provided | E1: Corrected_Spanish | F1: QA_Status | G1: Error_Type | H1: Severity | I1: Reviewer_Note
A2: LOC-001 | B2: Account | C2: Welcome back, {first_name}! | D2: ¡Bienvenido de nuevo, {first_name}! | E2: ¡Bienvenido de nuevo, {first_name}! | F2: Approved | G2: None | H2: None | I2: Accurate and natural; placeholder preserved.
A3: LOC-002 | B3: Account | C3: Create your account to continue. | D3: Crea tu cuenta para continuar. | E3: Cree su cuenta para continuar. | F3: Corrected | G3: Tone/Register | H3: Major | I3: Changed informal imperative to the established usted register.
A4: LOC-003 | B4: Account | C4: Your password must contain at least 8 characters. | D4: Su contraseña debe contener al menos 8 caracteres. | E4: Su contraseña debe contener al menos 8 caracteres. | F4: Approved | G4: None | H4: None | I4: Accurate, clear, and consistent with the style guide.
A5: LOC-004 | B5: Account | C5: We couldn't verify your email address. | D5: No pudimos verificar su dirección de correo electrónico. | E5: No pudimos verificar su dirección de correo electrónico. | F5: Approved | G5: None | H5: None | I5: Accurate and professional.
A6: LOC-005 | B6: Account | C6: Please confirm your email to activate your account. | D6: Por favor confirma tu correo electrónico para activar su cuenta. | E6: Confirme su correo electrónico para activar su cuenta. | F6: Corrected | G6: Tone/Register | H6: Major | I6: Corrected mixed tú/usted register and removed unnecessary 'Por favor'.
A7: LOC-006 | B7: Account | C7: Your account has been successfully created. | D7: Su cuenta ha sido creada exitosamente. | E7: Su cuenta se ha creado correctamente. | F7: Corrected | G7: Naturalness | H7: Minor | I7: Replaced calque-like 'creada exitosamente' with more natural neutral Spanish.
A8: LOC-007 | B8: Account | C8: Sign in with your email and password. | D8: Inicie sesión con su correo electrónico y contraseña. | E8: Inicie sesión con su correo electrónico y contraseña. | F8: Approved | G8: None | H8: None | I8: Accurate and consistent.
A9: LOC-008 | B9: Account | C9: Forgot your password? | D9: ¿Olvidó su contraseña? | E9: ¿Olvidó su contraseña? | F9: Approved | G9: None | H9: None | I9: Correct professional register.
A10: LOC-009 | B10: Account | C10: We'll send a reset link to {email}. | D10: Enviaremos un enlace de restablecimiento a {email}. | E10: Enviaremos un enlace para restablecer su contraseña a {email}. | F10: Corrected | G10: Accuracy | H10: Minor | I10: Clarified what is being reset while preserving the placeholder.
A11: LOC-010 | B11: Account | C11: This reset link expires in 30 minutes. | D11: Este enlace de reinicio expira en 30 minutos. | E11: Este enlace para restablecer la contraseña vence en 30 minutos. | F11: Corrected | G11: Terminology | H11: Minor | I11: Standardized reset terminology and used natural 'vence' for link expiration.
A12: LOC-011 | B12: Orders | C12: Your order #{order_number} has been confirmed. | D12: Su orden #{order_number} ha sido confirmada. | E12: Su pedido #{order_number} ha sido confirmado. | F12: Corrected | G12: Terminology | H12: Minor | I12: Standardized 'order' as 'pedido'.
... A76: LOC-075 | B76: General | C76: Changes saved successfully. | D76: Cambios guardados exitosamente. | E76: Los cambios se guardaron correctamente. | F76: Corrected | G76: Naturalness | H76: Minor | I76: Replaced 'exitosamente' with more natural UI wording.

Sheet Terminology_Style_Guide
A1: English | B1: Preferred Spanish | C1: Guidance
A2: Order | B2: Pedido | C2: Use consistently for e-commerce orders; avoid 'orden'.
A3: Checkout | B3: Finalizar compra | C3: Localize the UI concept; avoid untranslated 'checkout'.
A4: Shipping | B4: Envío | C4: Use for delivery/shipping context.
A5: Business days | B5: Días hábiles | C5: Avoid literal 'días de negocio'.
A6: Tracking number | B6: Número de seguimiento | C6: Preferred neutral LATAM term.
A7: Refund | B7: Reembolso | C7: Use consistently.
A8: Return | B8: Devolución | C8: Use consistently.
A9: Account | B9: Cuenta | C9: Use consistently.
A10: Subscription | B10: Suscripción | C10: Use consistently.
A11: Settings | B11: Configuración | C11: Prefer as collective UI term.
A12: Free trial | B12: Prueba gratuita | C12: Preferred professional wording.
... A14: Placeholders | B14: Preserve exactly | C14: Do not alter tokens such as {date}, {email}, or {order_number}.

Sheet QA_Analysis
A1: Localization QA — Analysis Summary
A3: KPI | B3: Value | D3: Severity | E3: Count
A4: Strings reviewed | B4: =COUNTA(QA_Review!A2:A76) -> 75 | D4: Major | E4: =COUNTIF(QA_Review!H2:H76,"Major") -> 13
A5: Approved | B5: =COUNTIF(QA_Review!F2:F76,"Approved") -> 30 | D5: Minor | E5: =COUNTIF(QA_Review!H2:H76,"Minor") -> 32
A6: Corrected | B6: =COUNTIF(QA_Review!F2:F76,"Corrected") -> 45 | D6: None | E6: =COUNTIF(QA_Review!H2:H76,"None") -> 30
A7: Approval rate | B7: =B5/B4 -> 0.4
A8: Correction rate | B8: =B6/B4 -> 0.6
A11: Error Type | B11: Count | D11: Category | E11: Reviewed | F11: Corrected | G11: Correction Rate
A12: Accuracy | B12: =COUNTIF(QA_Review!G2:G76,A12) -> 1 | D12: Account | E12: =COUNTIF(QA_Review!B2:B76,D12) -> 10 | F12: =COUNTIFS(QA_Review!B2:B76,D12,QA_Review!F2:F76,"Corrected") -> 5 | G12: =IFERROR(F12/E12,0) -> 0.5
A13: Grammar | B13: =COUNTIF(QA_Review!G2:G76,A13) -> 3 | D13: Orders | E13: =COUNTIF(QA_Review!B2:B76,D13) -> 10 | F13: =COUNTIFS(QA_Review!B2:B76,D13,QA_Review!F2:F76,"Corrected") -> 4 | G13: =IFERROR(F13/E13,0) -> 0.4
A14: Terminology | B14: =COUNTIF(QA_Review!G2:G76,A14) -> 11 | D14: Checkout | E14: =COUNTIF(QA_Review!B2:B76,D14) -> 10 | F14: =COUNTIFS(QA_Review!B2:B76,D14,QA_Review!F2:F76,"Corrected") -> 6 | G14: =IFERROR(F14/E14,0) -> 0.6
A15: Tone/Register | B15: =COUNTIF(QA_Review!G2:G76,A15) -> 5 | D15: Shipping | E15: =COUNTIF(QA_Review!B2:B76,D15) -> 8 | F15: =COUNTIFS(QA_Review!B2:B76,D15,QA_Review!F2:F76,"Corrected") -> 3 | G15: =IFERROR(F15/E15,0) -> 0.375
A16: Naturalness | B16: =COUNTIF(QA_Review!G2:G76,A16) -> 23 | D16: Returns & Refunds | E16: =COUNTIF(QA_Review!B2:B76,D16) -> 8 | F16: =COUNTIFS(QA_Review!B2:B76,D16,QA_Review!F2:F76,"Corrected") -> 6 | G16: =IFERROR(F16/E16,0) -> 0.75
A17: Completeness | B17: =COUNTIF(QA_Review!G2:G76,A17) -> 0 | D17: Subscriptions | E17: =COUNTIF(QA_Review!B2:B76,D17) -> 8 | F17: =COUNTIFS(QA_Review!B2:B76,D17,QA_Review!F2:F76,"Corrected") -> 3 | G17: =IFERROR(F17/E17,0) -> 0.375
A18: Formatting | B18: =COUNTIF(QA_Review!G2:G76,A18) -> 2 | D18: Customer Support | E18: =COUNTIF(QA_Review!B2:B76,D18) -> 8 | F18: =COUNTIFS(QA_Review!B2:B76,D18,QA_Review!F2:F76,"Corrected") -> 7 | G18: =IFERROR(F18/E18,0) -> 0.875
A19: None | B19: =COUNTIF(QA_Review!G2:G76,A19) -> 30 | D19: Security & Privacy | E19: =COUNTIF(QA_Review!B2:B76,D19) -> 6 | F19: =COUNTIFS(QA_Review!B2:B76,D19,QA_Review!F2:F76,"Corrected") -> 4 | G19: =IFERROR(F19/E19,0) -> 0.66666667
D20: Notifications | E20: =COUNTIF(QA_Review!B2:B76,D20) -> 4 | F20: =COUNTIFS(QA_Review!B2:B76,D20,QA_Review!F2:F76,"Corrected") -> 4 | G20: =IFERROR(F20/E20,0) -> 1
D21: General | E21: =COUNTIF(QA_Review!B2:B76,D21) -> 3 | F21: =COUNTIFS(QA_Review!B2:B76,D21,QA_Review!F2:F76,"Corrected") -> 3 | G21: =IFERROR(F21/E21,0) -> 1

Sheet Dashboard
A1: English–Spanish Localization QA Dashboard
A3: ="Reviewed"&CHAR(10)&QA_Analysis!B4 -> Reviewed 75 | D3: ="Approved"&CHAR(10)&QA_Analysis!B5 -> Approved 30 | G3: ="Corrected"&CHAR(10)&QA_Analysis!B6 -> Corrected 45 | J3: ="Approval Rate"&CHAR(10)&TEXT(QA_Analysis!B7,"0.0%") -> Approval Rate 40.0%
A6: =QA_Analysis!A11 -> Error Type | B6: =QA_Analysis!B11 -> Count | D6: =QA_Analysis!D3 -> Severity | E6: =QA_Analysis!E3 -> Count | G6: =QA_Analysis!D11 -> Category | H6: =QA_Analysis!G11 -> Correction Rate
A7: =QA_Analysis!A12 -> Accuracy | B7: =QA_Analysis!B12 -> 1 | D7: =QA_Analysis!D4 -> Major | E7: =QA_Analysis!E4 -> 13 | G7: =QA_Analysis!D12 -> Account | H7: =QA_Analysis!G12 -> 0.5
A8: =QA_Analysis!A13 -> Grammar | B8: =QA_Analysis!B13 -> 3 | D8: =QA_Analysis!D5 -> Minor | E8: =QA_Analysis!E5 -> 32 | G8: =QA_Analysis!D13 -> Orders | H8: =QA_Analysis!G13 -> 0.4
A9: =QA_Analysis!A14 -> Terminology | B9: =QA_Analysis!B14 -> 11 | G9: =QA_Analysis!D14 -> Checkout | H9: =QA_Analysis!G14 -> 0.6
A10: =QA_Analysis!A15 -> Tone/Register | B10: =QA_Analysis!B15 -> 5 | G10: =QA_Analysis!D15 -> Shipping | H10: =QA_Analysis!G15 -> 0.375
A11: =QA_Analysis!A16 -> Naturalness | B11: =QA_Analysis!B16 -> 23 | G11: =QA_Analysis!D16 -> Returns & Refunds | H11: =QA_Analysis!G16 -> 0.75
A12: =QA_Analysis!A17 -> Completeness | B12: =QA_Analysis!B17 -> 0 | G12: =QA_Analysis!D17 -> Subscriptions | H12: =QA_Analysis!G17 -> 0.375
A13: =QA_Analysis!A18 -> Formatting | B13: =QA_Analysis!B18 -> 2 | G13: =QA_Analysis!D18 -> Customer Support | H13: =QA_Analysis!G18 -> 0.875
A14: =QA_Analysis!A19 -> None | B14: =QA_Analysis!B19 -> 30 | G14: =QA_Analysis!D19 -> Security & Privacy | H14: =QA_Analysis!G19 -> 0.66666667
G15: =QA_Analysis!D20 -> Notifications | H15: =QA_Analysis!G20 -> 1
G16: =QA_Analysis!D21 -> General | H16: =QA_Analysis!G21 -> 1
A38: Key takeaway: the review focuses on consistent professional register, neutral LATAM terminology, and natural customer-facing Spanish while preserving functional placeholders.
